<stylesheet>

    <var n="@placeholderColor@" v="#B0B0B0"/>
    
    <var n="@backgroundModifierDisabled@" v="linear-gradient(to bottom, rgba(0,0,0,0.2),rgba(0,0,0,0.2))"/>
    <var n="@backgroundModifierFocus@" v="linear-gradient(to top, #f7bc00 1px, transparent 1px) no-repeat, linear-gradient(to bottom, rgba(255,192,0,0.1),rgba(255,192,0,0.1))"/>
    <var n="@backgroundModifierFocusField@" v="linear-gradient(to top, #f7bc00 1px, transparent 1px) no-repeat, linear-gradient(to bottom, rgba(255,192,0,0.1),rgba(255,192,0,0.1))"/>
    <var n="@backgroundModifierFocusDark@" v="linear-gradient(to bottom, rgba(255,255,255,0.1),rgba(255,255,255,0.1))"/>

    <var n="@ccWorkplaceBackground@" v="linear-gradient(to bottom,#606060,#202020)"/>
    <var n="@dialogBackground@" v="linear-gradient(to bottom,#404040,#101010)"/>
    <var n="@titlebarBackground@" v="#707070"/>
    <var n="@statusbarBackground@" v="#707070"/>
    <var n="@popupBackground@" v="#303030"/>

    <var n="@rowbodypaneBackground@" v="#5a5a5a"/>
    <var n="@shadedBackground@" v="#5a5a5a"/>
    <var n="@rowbodypaneBorderWidth@" v="0"/>
    <var n="@headerBackground@" v="#505050"/>

    <var n="@foldableContentBorderWidth@" v="0"/>

    <var n="@type1Background@" v="#404040"/>
    <var n="@type1SelectedBackground@" v="#404040"/>
    <var n="@type1Background90@" v="#404040"/>
    <var n="@lighttype1Background@" v="#505050"/>

    <var n="@type2Background@" v="#707070"/>
    <var n="@type2SelectedBackground@" v="#707070"/>
    <var n="@type2Background90@" v="#707070"/>
    <var n="@lighttype2Background@" v="#808080"/>

    <var n="@wpselectorBackground@" v="#707070"/>
    <var n="@wpselectorSelectedBackground@" v="#707070"/>
    <var n="@lightwpselectorBackground@" v="#808080"/>
    <var n="@wpcontainerBorderWidth@" v="0"/>
    <var n="@wpcontainerBorderRadius@" v="0"/>

    <var n="@buttonForeground@" v="#f0f0f0"/>
    <var n="@buttonBackground@" v="#606060"/>
    <var n="@buttonBorderColor@" v="#707070"/>

    <var n="@textForeground@" v="#ffffff"/>
    <var n="@fieldBackground@" v="#E8E8E8"/>

    <var n="@gridBackground@" v="#707070"/>
    <var n="@gridLineColor@" v="#7a7a7a"/>
    <var n="@gridBorderWidth@" v="0"/>
    <var n="@gridHeaderBackground@" v="#505050"/>
    <var n="@gridHeaderForeground@" v="#C0C0C0"/>

    <var n="@scrollbarBackground@" v="#808080"/>
    <var n="@scrollbarMoverBackground@" v="#A0A0A0"/>
    <var n="@scrollbarMoverBorderWidth@" v="0"/>
    
    <var n="@stretcherHorizontalBackgroundImage@" v="url(eclntjsfserver/images/splitpane/dividerhorizontal_light.png)"/>
    <var n="@stretcherVerticalBackgroundImage@" v="url(eclntjsfserver/images/splitpane/dividervertical_light.png)"/>
    
    <class n="riscinternal_riscglobal" internal="true">
        <risc n="_backgroundModifierGridSelection" v="linear-gradient(to bottom, rgba(255,128,0,0.4),rgba(255,128,0,0.4))"/>
    </class>    

    <class n="riscsingletreenode">
        <risc n="_imageopened" v="eclntjsfserver/images/iconssvg/treenode_opened_light_16x16.svg"/>
        <risc n="_imageclosed" v="eclntjsfserver/images/iconssvg/treenode_closed_light_16x16.svg"/>
        <risc n="_imageendnode" v="eclntjsfserver/images/iconssvg/treenode_endnode_light_16x16.svg"/>
    </class>

    <class n="riscdialogdecoration">
        <style n="background" v="#303030"/>
    </class>

    <class n="riscanimation_action_prepare">
        <style n="background" v="rgba(255,255,200,0.15)"/>
    </class>
    <class n="riscanimation_action_execute">
        <style n="background" v="rgba(255,255,200,0.0)"/>
    </class>
        
</stylesheet>