<style extends="defaultlightbluerisc">
    <tag name="t:fixgrid" variant="IDVALUESELECTION" extendsparenttag="true">
        <set attribute="background" value="#E0E0E0"/>
        <set attribute="border" value="top:0;left:0;right:0;bottom:0"/>
        <set attribute="borderheight" value="0"/>
        <set attribute="borderwidth" value="0"/>
        <set attribute="rowheight" value="16"/>
        <set attribute="sbvisibleamount" value="20"/>
    </tag>
    <tag name="t:pane" variant="IDVALUESELECTION" extendsparenttag="true">
        <set attribute="border" value="#808080"/>
    </tag>
    <tag name="t:rowheader" variant="IDVALUESELECTION" extendsparenttag="true">
        <set attribute="background" value="#E0E0E0"/>
        <set attribute="border" value="0"/>
        <set attribute="padding" value="3"/>
    </tag>
    <tag name="t:combofield" variant="aa_combofield" extendsparenttag="true">
        <set attribute="styleseq" value="aa_combofield"/>
    </tag>
    <tag name="t:arraygrid" variant="default" extendstag="t:fixgrid" extendsvariant="default">
    </tag>
    <tag name="t:fixgrid" variant="default" extendsparenttag="true">
        <set attribute="background" value="#00000006"/>
        <set attribute="border" value="0"/>
        <set attribute="borderheight" value="0"/>
        <set attribute="borderwidth" value="0"/>
        <set attribute="drawoddevenrows" value="true"/>
    </tag>
    <tag name="t:splitpane" variant="default" extendsparenttag="true">
        <set attribute="dividersize" value="10"/>
    </tag>
    <tag name="t:pane" variant="WP_PANEAROUNDWORKPAGECONTAINER" extendsparenttag="true">
        <set attribute="shadow" value="hoffset:5;voffset:5;blur:6;color:#00000040"/>
        <set attribute="background" value="#FFFFFF18"/>
    </tag>
    <tag name="pane" variant="WP_WORKPLACE" extendstag="pane" extendsparenttag="true">
        <set attribute="padding" value="top:10;bottom:2;left:0;right:10"/>
    </tag>
</style>
