<stylesheet>

    <var n="@fontDefaultSize@" v="12"/>
    <var n="@wpWorkplaceBackground@" v="#a0a0a0"/>
    <var n="@gridHeaderBackground@" v="linear-gradient(to bottom, #fcfcfc,#dddddd)"/>
    <var n="@gridHeaderForeground@" v="#000000"/>
    <var n="@titlebarBackground@" v="linear-gradient(to bottom, #fcfcfc,#dddddd)"/>
    <var n="@titlebarForeground@" v="#000000"/>
    <var n="@headerBackground@" v="linear-gradient(to bottom, #fcfcfc,#ececec)"/>
    <var n="@buttonBackground@" v="linear-gradient(to bottom, #fcfcfc,#dddddd)"/>
    <var n="@type2Background@" v="linear-gradient(to bottom, #fcfcfc,#dddddd)"/>
    <var n="@type2Background90@" v="linear-gradient(to right, #fcfcfc,#dddddd)"/>
    <var n="@type2Foreground@" v="#808080"/>
    <var n="@type2SelectedBackground@" v="linear-gradient(to bottom, #e0e9f2,#A9C1D9)"/>
    <var n="@type2SelectedForeground@" v="#000000"/>
    <var n="@wpselectorBackground@" v="linear-gradient(to bottom, #fcfcfc,#dddddd)"/>
    <var n="@wpselectorForeground@" v="#808080"/>
    <var n="@wpselectorSelectedBackground@" v="linear-gradient(to bottom, #e0e9f2,#A9C1D9)"/>
    <var n="@wpselectorSelectedForeground@" v="#000000"/>
    <var n="@wpcontainerBorderWidth@" v="0"/>
    <var n="@wpcontainerBorderRadius@" v="10"/>
    <var n="@type1Background@" v="linear-gradient(to bottom, #fcfcfc,#dddddd)"/>
    <var n="@type1Background90@" v="linear-gradient(to right, #fcfcfc,#dddddd)"/>
    <var n="@type1Foreground@" v="#000000"/>
    <var n="@type1SelectedBackground@" v="linear-gradient(to bottom, #e0e9f2,#A9C1D9)"/>
    <var n="@type1SelectedForeground@" v="#000000"/>
    <var n="@shadedShadedBackground@" v="#e0e9f2"/>

</stylesheet>