<stylesheet>

    <var n="@gridHeaderBackground@" v="#41789a"/>
    <var n="@gridHeaderForeground@" v="#F0F0F0"/>
    <var n="@shadedBackground@" v="#FFFFFF"/>
    <var n="@ccWorkplaceBackground@" v="linear-gradient(to bottom,#6f9ab4,#2f5a7f)"/>
    <var n="@popupTitleBackground@" v="#0e4061"/>
    <var n="@titlebarBackground@" v="#126390"/>
    <var n="@rowbodypaneBackground@" v="#d2e3f3"/>
    <var n="@rowbodypaneBorderWidth@" v="1"/>
    <var n="@type1Background@" v="#126390"/>
    <var n="@type1SelectedBackground@" v="#126390"/>
    <var n="@type1Background90@" v="#126390"/>
    <var n="@lighttype1Background@" v="#2283B0"/>
    <var n="@type2Background@" v="#41789a"/>
    <var n="@type2SelectedBackground@" v="#41789a"/>
    <var n="@type2Background90@" v="#41789a"/>
    <var n="@lighttype2Background@" v="#6198Ba"/>
    <var n="@wpselectorBackground@" v="#0e4061"/>
    <var n="@wpselectorSelectedBackground@" v="#0e4061"/>
    <var n="@lightwpselectorBackground@" v="#2e6081"/>

    
    <class n="risctabbedline">
        <class n="_button_selected">
            <risc n="_backgroundModifierFocus" v="linear-gradient(to bottom,rgba(0,0,0,0),rgba(0,0,0,0))"/>
            <risc n="_backgroundModifierActive" v="linear-gradient(to bottom,rgba(0,0,0,0),rgba(0,0,0,0))"/>
        </class>
    </class>
    
    
</stylesheet>